Местное время в Перми / Большом Савино (аэропорт);T
03.05.2017 23:30;7
03.05.2017 23:00;8
03.05.2017 22:00;8
03.05.2017 21:30;10
03.05.2017 21:00;12
03.05.2017 20:30;13
03.05.2017 20:00;13
03.05.2017 19:30;14
03.05.2017 19:00;16
03.05.2017 18:30;18
03.05.2017 18:00;18
03.05.2017 17:30;18
03.05.2017 17:00;18
03.05.2017 16:30;15
03.05.2017 16:00;16
03.05.2017 15:30;19
03.05.2017 15:00;19
03.05.2017 14:30;20
03.05.2017 14:00;22
03.05.2017 13:30;22
03.05.2017 13:00;22
03.05.2017 12:30;23
03.05.2017 12:00;23
03.05.2017 11:30;22
03.05.2017 11:00;22
03.05.2017 10:30;21
03.05.2017 10:00;21
03.05.2017 9:30;20
03.05.2017 9:00;19
03.05.2017 8:30;19
03.05.2017 8:00;18
03.05.2017 7:30;17
03.05.2017 7:00;17
03.05.2017 6:30;16
03.05.2017 6:00;15
03.05.2017 5:30;16
03.05.2017 5:00;15
03.05.2017 4:30;15
03.05.2017 4:00;14
03.05.2017 3:30;13
03.05.2017 3:00;14
03.05.2017 2:30;16
03.05.2017 2:00;18
03.05.2017 1:30;18
03.05.2017 1:00;17
03.05.2017 0:30;16
03.05.2017 0:00;18
02.05.2017 23:30;18
02.05.2017 23:00;18
02.05.2017 22:30;20
02.05.2017 22:00;20
02.05.2017 21:30;21
02.05.2017 21:00;22
02.05.2017 20:30;22
02.05.2017 20:00;23
02.05.2017 19:30;24
02.05.2017 19:00;25
02.05.2017 18:30;25
02.05.2017 18:00;26
02.05.2017 17:30;26
02.05.2017 17:00;26
02.05.2017 16:30;26
02.05.2017 16:00;26
02.05.2017 15:30;26
02.05.2017 15:00;26
02.05.2017 14:30;26
02.05.2017 14:00;26
02.05.2017 13:30;26
02.05.2017 13:00;26
02.05.2017 12:30;26
02.05.2017 12:00;25
02.05.2017 11:30;24
02.05.2017 11:00;23
02.05.2017 10:30;22
02.05.2017 10:00;21
02.05.2017 9:30;20
02.05.2017 9:00;19
02.05.2017 8:30;18
02.05.2017 8:00;16
02.05.2017 7:30;14
02.05.2017 7:00;13
02.05.2017 6:30;11
02.05.2017 6:00;10
02.05.2017 5:30;10
02.05.2017 5:00;10
02.05.2017 4:30;10
02.05.2017 4:00;10
02.05.2017 3:30;11
02.05.2017 3:00;11
02.05.2017 2:30;11
02.05.2017 2:00;11
02.05.2017 1:00;10
02.05.2017 0:30;8
02.05.2017 0:00;8
01.05.2017 23:30;10
01.05.2017 23:00;12
01.05.2017 22:30;11
01.05.2017 22:00;16
01.05.2017 21:30;17
01.05.2017 21:00;17
01.05.2017 20:30;17
01.05.2017 20:00;19
01.05.2017 19:30;20
01.05.2017 19:00;21
01.05.2017 18:30;21
01.05.2017 18:00;21
01.05.2017 17:30;21
01.05.2017 17:00;21
01.05.2017 16:30;21
01.05.2017 16:00;21
01.05.2017 15:30;21
01.05.2017 15:00;20
01.05.2017 14:30;20
01.05.2017 14:00;19
01.05.2017 13:30;19
01.05.2017 13:00;18
01.05.2017 12:30;17
01.05.2017 12:00;17
01.05.2017 11:30;16
01.05.2017 11:00;16
01.05.2017 10:30;14
01.05.2017 10:00;13
01.05.2017 9:30;11
01.05.2017 9:00;9
01.05.2017 8:30;6
01.05.2017 8:00;4
01.05.2017 7:30;1
01.05.2017 7:00;2
01.05.2017 6:30;-1
01.05.2017 6:00;-1
01.05.2017 5:30;-1
01.05.2017 5:00;-1
01.05.2017 4:30;-2
01.05.2017 4:00;-1
01.05.2017 3:30;0
01.05.2017 3:00;-1
01.05.2017 2:30;1
01.05.2017 2:00;0
01.05.2017 1:30;0
01.05.2017 1:00;1
01.05.2017 0:30;2
01.05.2017 0:00;2
30.04.2017 23:30;3
30.04.2017 23:00;4
30.04.2017 22:30;6
30.04.2017 22:00;7
30.04.2017 21:30;8
30.04.2017 21:00;10
30.04.2017 20:30;11
30.04.2017 20:00;12
30.04.2017 19:30;13
30.04.2017 19:00;14
30.04.2017 18:30;14
30.04.2017 18:00;14
30.04.2017 17:30;14
30.04.2017 17:00;13
30.04.2017 16:30;13
30.04.2017 16:00;14
30.04.2017 15:30;14
30.04.2017 15:00;13
30.04.2017 14:30;12
30.04.2017 14:00;12
30.04.2017 13:30;12
30.04.2017 13:00;12
30.04.2017 12:30;11
30.04.2017 12:00;11
30.04.2017 11:30;11
30.04.2017 11:00;10
30.04.2017 10:30;9
30.04.2017 10:00;8
30.04.2017 9:30;8
30.04.2017 9:00;7
30.04.2017 8:30;5
30.04.2017 8:00;4
30.04.2017 7:30;2
30.04.2017 7:00;1
30.04.2017 6:30;1
30.04.2017 6:00;0
30.04.2017 5:30;-1
30.04.2017 5:00;0
30.04.2017 4:30;0
30.04.2017 4:00;1
30.04.2017 3:30;0
30.04.2017 3:00;2
30.04.2017 2:30;2
30.04.2017 2:00;3
30.04.2017 1:00;4
30.04.2017 0:00;5
29.04.2017 23:00;5
29.04.2017 22:30;6
29.04.2017 22:00;6
29.04.2017 21:30;7
29.04.2017 21:00;7
29.04.2017 20:30;7
29.04.2017 20:00;8
29.04.2017 19:30;8
29.04.2017 19:00;9
29.04.2017 18:30;9
29.04.2017 18:00;9
29.04.2017 17:30;9
29.04.2017 17:00;9
29.04.2017 16:30;10
29.04.2017 16:00;10
29.04.2017 15:30;11
29.04.2017 15:00;11
29.04.2017 14:30;11
29.04.2017 14:00;12
29.04.2017 13:30;11
29.04.2017 13:00;11
29.04.2017 12:30;12
29.04.2017 12:00;11
29.04.2017 11:30;10
29.04.2017 11:00;10
29.04.2017 10:30;9
29.04.2017 10:00;8
29.04.2017 9:30;7
29.04.2017 9:00;7
29.04.2017 8:30;7
29.04.2017 8:00;6
29.04.2017 7:30;5
29.04.2017 7:00;4
29.04.2017 6:30;4
29.04.2017 6:00;3
29.04.2017 5:30;3
29.04.2017 5:00;3
29.04.2017 4:30;3
29.04.2017 4:00;3
29.04.2017 3:30;3
29.04.2017 3:00;3
29.04.2017 2:30;2
29.04.2017 2:00;3
29.04.2017 1:00;3
29.04.2017 0:30;4
29.04.2017 0:00;3
28.04.2017 23:30;4
28.04.2017 23:00;5
28.04.2017 22:30;5
28.04.2017 22:00;6
28.04.2017 21:30;6
28.04.2017 21:00;6
28.04.2017 20:30;6
28.04.2017 20:00;6
28.04.2017 19:30;7
28.04.2017 19:00;7
28.04.2017 18:30;7
28.04.2017 18:00;7
28.04.2017 17:30;8
28.04.2017 17:00;9
28.04.2017 16:30;9
28.04.2017 16:00;9
28.04.2017 15:30;10
28.04.2017 15:00;13
28.04.2017 14:30;13
28.04.2017 14:00;13
28.04.2017 13:30;13
28.04.2017 13:00;13
28.04.2017 12:30;13
28.04.2017 12:00;13
28.04.2017 11:30;14
28.04.2017 11:00;13
28.04.2017 10:30;13
28.04.2017 10:00;13
28.04.2017 9:30;13
28.04.2017 9:00;13
28.04.2017 8:30;12
28.04.2017 8:00;12
28.04.2017 7:30;11
28.04.2017 7:00;11
28.04.2017 6:30;11
28.04.2017 6:00;11
28.04.2017 5:30;12
28.04.2017 5:00;11
28.04.2017 4:30;11
28.04.2017 4:00;11
28.04.2017 3:30;11
28.04.2017 3:00;11
28.04.2017 2:30;11
28.04.2017 2:00;10
28.04.2017 1:00;13
28.04.2017 0:00;12
27.04.2017 23:30;12
27.04.2017 23:00;12
27.04.2017 22:30;12
27.04.2017 22:00;13
27.04.2017 21:30;14
27.04.2017 21:00;13
27.04.2017 20:30;14
27.04.2017 20:00;14
27.04.2017 19:30;15
27.04.2017 19:00;15
27.04.2017 18:30;16
27.04.2017 18:00;16
27.04.2017 17:30;16
27.04.2017 17:00;16
27.04.2017 16:30;16
27.04.2017 16:00;17
27.04.2017 15:30;17
27.04.2017 15:00;17
27.04.2017 14:30;16
27.04.2017 14:00;15
27.04.2017 13:30;15
27.04.2017 13:00;15
27.04.2017 12:30;14
27.04.2017 12:00;13
27.04.2017 11:30;13
27.04.2017 11:00;12
27.04.2017 10:30;11
27.04.2017 10:00;9
27.04.2017 9:30;8
27.04.2017 9:00;8
27.04.2017 8:30;7
27.04.2017 8:00;7
27.04.2017 7:30;3
27.04.2017 7:00;1
27.04.2017 6:30;0
27.04.2017 6:00;-2
27.04.2017 5:30;-2
27.04.2017 5:00;-2
27.04.2017 4:30;-1
27.04.2017 4:00;-2
27.04.2017 3:30;-2
27.04.2017 3:00;-1
27.04.2017 2:30;-2
27.04.2017 2:00;0
27.04.2017 1:30;-1
27.04.2017 1:00;-1
27.04.2017 0:30;0
27.04.2017 0:00;-1
26.04.2017 23:30;0
26.04.2017 23:00;1
26.04.2017 22:30;2
26.04.2017 22:00;2
26.04.2017 21:30;2
26.04.2017 21:00;4
26.04.2017 20:30;4
26.04.2017 20:00;5
26.04.2017 19:30;5
26.04.2017 19:00;4
26.04.2017 18:30;6
26.04.2017 18:00;5
26.04.2017 17:30;6
26.04.2017 17:00;8
26.04.2017 16:30;6
26.04.2017 16:00;6
26.04.2017 15:30;7
26.04.2017 15:00;7
26.04.2017 14:30;7
26.04.2017 14:00;7
26.04.2017 13:30;6
26.04.2017 13:00;6
26.04.2017 12:30;6
26.04.2017 12:00;5
26.04.2017 11:30;5
26.04.2017 11:00;5
26.04.2017 10:30;5
26.04.2017 10:00;5
26.04.2017 9:30;5
26.04.2017 9:00;4
26.04.2017 8:30;3
26.04.2017 8:00;2
26.04.2017 7:30;2
26.04.2017 7:00;2
26.04.2017 6:30;0
26.04.2017 6:00;0
26.04.2017 5:30;1
26.04.2017 5:00;2
26.04.2017 4:30;2
26.04.2017 4:00;2
26.04.2017 3:30;1
26.04.2017 3:00;0
26.04.2017 2:30;0
26.04.2017 2:00;0
26.04.2017 1:30;1
26.04.2017 1:00;3
26.04.2017 0:30;3
26.04.2017 0:00;3
25.04.2017 23:30;3
25.04.2017 23:00;3
25.04.2017 22:30;4
25.04.2017 22:00;4
25.04.2017 21:30;4
25.04.2017 21:00;4
25.04.2017 20:30;5
25.04.2017 20:00;5
25.04.2017 19:30;5
25.04.2017 19:00;5
25.04.2017 18:30;5
25.04.2017 18:00;6
25.04.2017 17:30;6
25.04.2017 17:00;6
25.04.2017 16:30;5
25.04.2017 16:00;5
25.04.2017 15:30;5
25.04.2017 15:00;5
25.04.2017 14:30;4
25.04.2017 14:00;5
25.04.2017 13:30;5
25.04.2017 13:00;5
25.04.2017 12:30;5
25.04.2017 12:00;6
25.04.2017 11:30;6
25.04.2017 11:00;6
25.04.2017 10:30;7
25.04.2017 10:00;7
25.04.2017 9:30;8
25.04.2017 9:00;8
25.04.2017 8:30;8
25.04.2017 8:00;8
25.04.2017 7:30;8
25.04.2017 7:00;8
25.04.2017 6:30;7
25.04.2017 6:00;7
25.04.2017 5:30;6
25.04.2017 5:00;6
25.04.2017 4:30;6
25.04.2017 4:00;6
25.04.2017 3:30;6
25.04.2017 3:00;6
25.04.2017 2:30;6
25.04.2017 2:00;5
25.04.2017 1:30;6
25.04.2017 1:00;6
25.04.2017 0:30;5
25.04.2017 0:00;6
24.04.2017 23:30;5
24.04.2017 23:00;5
24.04.2017 22:30;6
24.04.2017 22:00;6
24.04.2017 21:30;6
24.04.2017 21:00;6
24.04.2017 20:30;6
24.04.2017 20:00;6
24.04.2017 19:30;6
24.04.2017 19:00;6
24.04.2017 18:30;6
24.04.2017 18:00;7
24.04.2017 17:30;7
24.04.2017 17:00;8
24.04.2017 16:30;9
24.04.2017 16:00;10
24.04.2017 15:30;9
24.04.2017 15:00;9
24.04.2017 14:30;9
24.04.2017 14:00;9
24.04.2017 13:30;9
24.04.2017 13:00;10
24.04.2017 12:30;11
24.04.2017 12:00;11
24.04.2017 11:30;11
24.04.2017 11:00;11
24.04.2017 10:30;11
24.04.2017 10:00;10
24.04.2017 9:30;8
24.04.2017 9:00;8
24.04.2017 8:30;6
24.04.2017 8:00;4
24.04.2017 7:30;3
24.04.2017 7:00;3
24.04.2017 6:30;3
24.04.2017 6:00;1
24.04.2017 5:30;0
24.04.2017 5:00;1
24.04.2017 4:30;1
24.04.2017 4:00;1
24.04.2017 3:30;1
24.04.2017 3:00;2
24.04.2017 2:30;2
24.04.2017 2:00;2
24.04.2017 1:30;2
24.04.2017 1:00;2
24.04.2017 0:30;2
24.04.2017 0:00;3
23.04.2017 23:30;3
23.04.2017 23:00;3
23.04.2017 22:30;3
23.04.2017 22:00;4
23.04.2017 21:30;4
23.04.2017 21:00;5
23.04.2017 20:30;5
23.04.2017 20:00;5
23.04.2017 19:30;5
23.04.2017 19:00;5
23.04.2017 18:30;5
23.04.2017 18:00;6
23.04.2017 17:30;5
23.04.2017 17:00;5
23.04.2017 16:30;5
23.04.2017 16:00;5
23.04.2017 15:30;5
23.04.2017 15:00;5
23.04.2017 14:30;5
23.04.2017 14:00;5
23.04.2017 13:30;5
23.04.2017 13:00;5
23.04.2017 12:30;4
23.04.2017 12:00;4
23.04.2017 11:30;3
23.04.2017 11:00;3
23.04.2017 10:30;3
23.04.2017 10:00;3
23.04.2017 9:30;2
23.04.2017 9:00;2
23.04.2017 8:30;1
23.04.2017 8:00;1
23.04.2017 7:30;1
23.04.2017 7:00;1
23.04.2017 6:30;1
23.04.2017 6:00;1
23.04.2017 5:30;1
23.04.2017 5:00;1
23.04.2017 4:30;1
23.04.2017 4:00;1
23.04.2017 3:30;1
23.04.2017 3:00;1
23.04.2017 2:30;2
23.04.2017 2:00;2
23.04.2017 1:00;2
23.04.2017 0:00;3
22.04.2017 23:00;3
22.04.2017 22:00;4
22.04.2017 21:30;4
22.04.2017 21:00;5
22.04.2017 20:30;5
22.04.2017 20:00;5
22.04.2017 19:30;5
22.04.2017 19:00;6
22.04.2017 18:30;7
22.04.2017 18:00;7
22.04.2017 17:30;8
22.04.2017 17:00;7
22.04.2017 16:30;8
22.04.2017 16:00;8
22.04.2017 15:30;8
22.04.2017 15:00;7
22.04.2017 14:30;7
22.04.2017 14:00;7
22.04.2017 13:30;8
22.04.2017 13:00;7
22.04.2017 12:30;7
22.04.2017 12:00;5
22.04.2017 11:30;5
22.04.2017 11:00;5
22.04.2017 10:30;5
22.04.2017 10:00;4
22.04.2017 9:30;3
22.04.2017 9:00;2
22.04.2017 8:30;1
22.04.2017 8:00;1
22.04.2017 7:30;0
22.04.2017 7:00;-1
22.04.2017 6:30;-2
22.04.2017 6:00;-2
22.04.2017 5:30;-2
22.04.2017 5:00;-2
22.04.2017 4:30;-2
22.04.2017 4:00;-2
22.04.2017 3:30;-2
22.04.2017 3:00;-2
22.04.2017 2:30;-1
22.04.2017 2:00;-1
22.04.2017 1:30;-1
22.04.2017 1:00;-1
22.04.2017 0:30;-1
22.04.2017 0:00;0
21.04.2017 23:30;0
21.04.2017 23:00;0
21.04.2017 22:30;-1
21.04.2017 22:00;1
21.04.2017 21:30;0
21.04.2017 21:00;1
21.04.2017 20:30;1
21.04.2017 20:00;1
21.04.2017 19:30;2
21.04.2017 19:00;1
21.04.2017 18:30;2
21.04.2017 18:00;2
21.04.2017 17:30;1
21.04.2017 17:00;1
21.04.2017 16:30;1
21.04.2017 16:00;1
21.04.2017 15:30;1
21.04.2017 15:00;1
21.04.2017 14:30;1
21.04.2017 14:00;0
21.04.2017 13:30;0
21.04.2017 13:00;0
21.04.2017 12:30;0
21.04.2017 12:00;0
21.04.2017 11:30;-1
21.04.2017 11:00;-1
21.04.2017 10:30;-1
21.04.2017 10:00;-1
21.04.2017 9:30;-1
21.04.2017 9:00;-1
21.04.2017 8:30;-1
21.04.2017 8:00;-2
21.04.2017 7:30;-2
21.04.2017 7:00;-2
21.04.2017 6:30;-2
21.04.2017 6:00;-1
21.04.2017 5:30;-1
21.04.2017 5:00;0
21.04.2017 4:30;0
21.04.2017 4:00;0
21.04.2017 3:30;2
21.04.2017 3:00;2
21.04.2017 2:30;2
21.04.2017 2:00;4
21.04.2017 1:00;4
21.04.2017 0:30;5
21.04.2017 0:00;6
20.04.2017 23:30;6
20.04.2017 23:00;7
20.04.2017 22:30;8
20.04.2017 22:00;9
20.04.2017 21:30;9
20.04.2017 21:00;8
20.04.2017 20:30;8
20.04.2017 20:00;8
20.04.2017 19:30;8
20.04.2017 19:00;8
20.04.2017 18:30;7
20.04.2017 18:00;7
20.04.2017 17:30;7
20.04.2017 17:00;7
20.04.2017 16:30;6
20.04.2017 16:00;5
20.04.2017 15:30;4
20.04.2017 15:00;4
20.04.2017 14:30;4
20.04.2017 14:00;3
20.04.2017 13:30;3
20.04.2017 13:00;2
20.04.2017 12:30;2
20.04.2017 12:00;1
20.04.2017 11:30;1
20.04.2017 11:00;1
20.04.2017 10:30;1
20.04.2017 10:00;1
20.04.2017 9:30;1
20.04.2017 9:00;0
20.04.2017 8:30;0
20.04.2017 8:00;0
20.04.2017 7:30;-1
20.04.2017 7:00;-1
20.04.2017 6:30;-1
20.04.2017 6:00;-1
20.04.2017 5:30;-1
20.04.2017 5:00;-1
20.04.2017 4:30;-1
20.04.2017 4:00;-1
20.04.2017 3:30;-1
20.04.2017 3:00;-2
20.04.2017 2:30;-1
20.04.2017 2:00;-1
20.04.2017 1:30;-2
20.04.2017 1:00;-1
20.04.2017 0:30;-1
20.04.2017 0:00;0
19.04.2017 23:30;0
19.04.2017 23:00;1
19.04.2017 22:30;1
19.04.2017 22:00;1
19.04.2017 21:30;1
19.04.2017 21:00;2
19.04.2017 20:30;3
19.04.2017 20:00;3
19.04.2017 19:30;3
19.04.2017 19:00;3
19.04.2017 18:30;3
19.04.2017 18:00;4
19.04.2017 17:30;4
19.04.2017 17:00;4
19.04.2017 16:30;4
19.04.2017 16:00;4
19.04.2017 15:30;3
19.04.2017 15:00;3
19.04.2017 14:30;2
19.04.2017 14:00;2
19.04.2017 13:30;2
19.04.2017 13:00;2
19.04.2017 12:30;1
19.04.2017 12:00;1
19.04.2017 11:30;1
19.04.2017 11:00;0
19.04.2017 10:30;0
19.04.2017 10:00;-1
19.04.2017 9:30;-1
19.04.2017 9:00;-1
19.04.2017 8:30;-2
19.04.2017 8:00;-2
19.04.2017 7:30;-3
19.04.2017 7:00;-3
19.04.2017 6:30;-4
19.04.2017 6:00;-4
19.04.2017 5:30;-4
19.04.2017 5:00;-3
19.04.2017 4:30;-2
19.04.2017 4:00;-2
19.04.2017 3:30;-1
19.04.2017 3:00;-1
19.04.2017 2:30;-1
19.04.2017 2:00;-1
19.04.2017 1:30;0
19.04.2017 1:00;0
19.04.2017 0:30;0
19.04.2017 0:00;0
18.04.2017 23:30;0
18.04.2017 23:00;0
18.04.2017 22:30;0
18.04.2017 22:00;0
18.04.2017 21:30;1
18.04.2017 21:00;1
18.04.2017 20:30;1
18.04.2017 20:00;1
18.04.2017 19:30;1
18.04.2017 19:00;2
18.04.2017 18:30;3
18.04.2017 18:00;3
18.04.2017 17:30;4
18.04.2017 17:00;4
18.04.2017 16:30;4
18.04.2017 16:00;5
18.04.2017 15:30;6
18.04.2017 15:00;5
18.04.2017 14:30;5
18.04.2017 14:00;5
18.04.2017 13:30;4
18.04.2017 13:00;3
18.04.2017 12:30;3
18.04.2017 12:00;4
18.04.2017 11:30;5
18.04.2017 11:00;4
18.04.2017 10:30;3
18.04.2017 10:00;5
18.04.2017 9:30;3
18.04.2017 9:00;4
18.04.2017 8:30;4
18.04.2017 8:00;4
18.04.2017 7:30;4
18.04.2017 7:00;4
18.04.2017 6:30;4
18.04.2017 6:00;4
18.04.2017 5:30;4
18.04.2017 5:00;4
18.04.2017 4:30;5
18.04.2017 4:00;4
18.04.2017 3:30;5
18.04.2017 3:00;4
18.04.2017 2:30;3
18.04.2017 2:00;2
18.04.2017 1:30;4
18.04.2017 1:00;5
18.04.2017 0:30;5
18.04.2017 0:00;5
17.04.2017 23:30;6
17.04.2017 23:00;6
17.04.2017 22:30;6
17.04.2017 22:00;7
17.04.2017 21:30;7
17.04.2017 21:00;8
17.04.2017 20:30;5
17.04.2017 20:00;5
17.04.2017 19:30;5
17.04.2017 19:00;5
17.04.2017 18:30;5
17.04.2017 18:00;5
17.04.2017 17:30;5
17.04.2017 17:00;5
17.04.2017 16:30;5
17.04.2017 16:00;5
17.04.2017 15:30;5
17.04.2017 15:00;4
17.04.2017 14:30;4
17.04.2017 14:00;4
17.04.2017 13:30;4
17.04.2017 13:00;4
17.04.2017 12:30;3
17.04.2017 12:00;3
17.04.2017 11:30;3
17.04.2017 11:00;2
17.04.2017 10:30;1
17.04.2017 10:00;1
17.04.2017 9:30;0
17.04.2017 9:00;-1
17.04.2017 8:30;-2
17.04.2017 8:00;-2
17.04.2017 7:30;-3
17.04.2017 7:00;-4
17.04.2017 6:30;-4
17.04.2017 6:00;-4
17.04.2017 5:30;-4
17.04.2017 5:00;-3
17.04.2017 4:30;-3
17.04.2017 4:00;-3
17.04.2017 3:30;-2
17.04.2017 3:00;-2
17.04.2017 2:30;-1
17.04.2017 2:00;-1
17.04.2017 1:30;-1
17.04.2017 1:00;-1
17.04.2017 0:30;-1
17.04.2017 0:00;-1
16.04.2017 23:30;-2
16.04.2017 23:00;-2
16.04.2017 22:30;-2
16.04.2017 22:00;-2
16.04.2017 21:30;-2
16.04.2017 21:00;-2
16.04.2017 20:30;-2
16.04.2017 20:00;-2
16.04.2017 19:30;-1
16.04.2017 19:00;-1
16.04.2017 18:30;-1
16.04.2017 18:00;-1
16.04.2017 17:30;-1
16.04.2017 17:00;-1
16.04.2017 16:30;-1
16.04.2017 16:00;-1
16.04.2017 15:30;-1
16.04.2017 15:00;0
16.04.2017 14:30;0
16.04.2017 14:00;1
16.04.2017 13:30;1
16.04.2017 13:00;1
16.04.2017 12:30;0
16.04.2017 12:00;0
16.04.2017 11:30;0
16.04.2017 11:00;1
16.04.2017 10:30;1
16.04.2017 10:00;0
16.04.2017 9:30;0
16.04.2017 9:00;0
16.04.2017 8:30;0
16.04.2017 8:00;0
16.04.2017 7:30;0
16.04.2017 7:00;0
16.04.2017 6:30;0
16.04.2017 6:00;0
16.04.2017 5:30;0
16.04.2017 5:00;0
16.04.2017 4:30;1
16.04.2017 4:00;0
16.04.2017 3:30;1
16.04.2017 3:00;1
16.04.2017 2:30;1
16.04.2017 2:00;2
16.04.2017 1:00;2
16.04.2017 0:00;4
15.04.2017 23:30;5
15.04.2017 23:00;5
15.04.2017 22:30;6
15.04.2017 22:00;6
15.04.2017 21:30;6
15.04.2017 21:00;6
15.04.2017 20:30;6
15.04.2017 20:00;6
15.04.2017 19:30;7
15.04.2017 19:00;7
15.04.2017 18:30;7
15.04.2017 18:00;8
15.04.2017 17:30;8
15.04.2017 17:00;8
15.04.2017 16:30;7
15.04.2017 16:00;8
15.04.2017 15:30;7
15.04.2017 15:00;7
15.04.2017 14:30;7
15.04.2017 14:00;7
15.04.2017 13:30;7
15.04.2017 13:00;7
15.04.2017 12:30;6
15.04.2017 12:00;6
15.04.2017 11:30;6
15.04.2017 11:00;6
15.04.2017 10:30;7
15.04.2017 10:00;7
15.04.2017 9:30;6
15.04.2017 9:00;6
15.04.2017 8:30;5
15.04.2017 8:00;5
15.04.2017 7:30;5
15.04.2017 7:00;5
15.04.2017 6:30;5
15.04.2017 6:00;5
15.04.2017 5:30;6
15.04.2017 5:00;7
15.04.2017 4:30;8
15.04.2017 4:00;8
15.04.2017 3:30;8
15.04.2017 3:00;6
15.04.2017 2:30;6
15.04.2017 2:00;6
15.04.2017 1:00;8
15.04.2017 0:30;7
15.04.2017 0:00;7
14.04.2017 23:30;8
14.04.2017 23:00;8
14.04.2017 22:30;8
14.04.2017 22:00;7
14.04.2017 21:30;7
14.04.2017 21:00;7
14.04.2017 20:30;7
14.04.2017 20:00;7
14.04.2017 19:30;6
14.04.2017 19:00;6
14.04.2017 18:30;6
14.04.2017 18:00;6
14.04.2017 17:30;6
14.04.2017 17:00;7
14.04.2017 16:30;8
14.04.2017 16:00;9
14.04.2017 15:30;10
14.04.2017 15:00;11
14.04.2017 14:30;11
14.04.2017 14:00;11
14.04.2017 13:30;11
14.04.2017 13:00;10
14.04.2017 12:30;10
14.04.2017 12:00;9
14.04.2017 11:30;8
14.04.2017 11:00;8
14.04.2017 10:30;8
14.04.2017 10:00;8
14.04.2017 9:30;7
14.04.2017 9:00;6
14.04.2017 8:30;5
14.04.2017 8:00;5
14.04.2017 7:30;4
14.04.2017 7:00;3
14.04.2017 6:30;3
14.04.2017 6:00;2
14.04.2017 5:30;2
14.04.2017 5:00;3
14.04.2017 4:30;2
14.04.2017 4:00;3
14.04.2017 3:30;2
14.04.2017 3:00;2
14.04.2017 2:30;2
14.04.2017 2:00;1
14.04.2017 1:00;0
14.04.2017 0:00;1
13.04.2017 23:30;1
13.04.2017 23:00;3
13.04.2017 22:30;3
13.04.2017 22:00;3
13.04.2017 21:30;4
13.04.2017 21:00;4
13.04.2017 20:30;4
13.04.2017 20:00;4
13.04.2017 19:30;4
13.04.2017 19:00;5
13.04.2017 18:30;4
13.04.2017 18:00;4
13.04.2017 17:30;4
13.04.2017 17:00;3
13.04.2017 16:30;3
13.04.2017 16:00;5
13.04.2017 15:30;6
13.04.2017 15:00;6
13.04.2017 14:30;6
13.04.2017 14:00;5
13.04.2017 13:30;4
13.04.2017 13:00;4
13.04.2017 12:30;4
13.04.2017 12:00;4
13.04.2017 11:30;4
13.04.2017 11:00;5
13.04.2017 10:30;6
13.04.2017 10:00;6
13.04.2017 9:30;7
13.04.2017 9:00;7
13.04.2017 8:30;7
13.04.2017 8:00;7
13.04.2017 7:30;6
13.04.2017 7:00;5
13.04.2017 6:30;6
13.04.2017 6:00;7
13.04.2017 5:30;7
13.04.2017 5:00;5
13.04.2017 4:30;5
13.04.2017 4:00;5
13.04.2017 3:30;5
13.04.2017 3:00;5
13.04.2017 2:30;6
13.04.2017 2:00;6
13.04.2017 1:30;6
13.04.2017 1:00;5
13.04.2017 0:30;6
13.04.2017 0:00;6
12.04.2017 23:30;5
12.04.2017 23:00;6
12.04.2017 22:30;7
12.04.2017 22:00;7
12.04.2017 21:30;7
12.04.2017 21:00;9
12.04.2017 20:30;9
12.04.2017 20:00;9
12.04.2017 19:30;11
12.04.2017 19:00;12
12.04.2017 18:30;13
12.04.2017 18:00;13
12.04.2017 17:30;14
12.04.2017 17:00;14
12.04.2017 16:30;14
12.04.2017 16:00;15
12.04.2017 15:30;15
12.04.2017 15:00;15
12.04.2017 14:30;15
12.04.2017 14:00;14
12.04.2017 13:30;14
12.04.2017 13:00;13
12.04.2017 12:30;12
12.04.2017 12:00;12
12.04.2017 11:30;11
12.04.2017 11:00;10
12.04.2017 10:30;9
12.04.2017 10:00;8
12.04.2017 9:30;7
12.04.2017 9:00;6
12.04.2017 8:30;5
12.04.2017 8:00;5
12.04.2017 7:30;4
12.04.2017 7:00;3
12.04.2017 6:30;3
12.04.2017 6:00;3
12.04.2017 5:30;3
12.04.2017 5:00;3
12.04.2017 4:30;2
12.04.2017 4:00;2
12.04.2017 3:30;2
12.04.2017 3:00;2
12.04.2017 2:30;2
12.04.2017 2:00;2
12.04.2017 1:00;3
12.04.2017 0:00;3
11.04.2017 23:30;4
11.04.2017 23:00;3
11.04.2017 22:30;4
11.04.2017 22:00;4
11.04.2017 21:30;5
11.04.2017 21:00;5
11.04.2017 20:30;6
11.04.2017 20:00;6
11.04.2017 19:30;6
11.04.2017 19:00;7
11.04.2017 18:30;7
11.04.2017 18:00;7
11.04.2017 17:30;7
11.04.2017 17:00;9
11.04.2017 16:30;9
11.04.2017 16:00;9
11.04.2017 15:30;9
11.04.2017 15:00;8
11.04.2017 14:30;8
11.04.2017 14:00;7
11.04.2017 13:30;6
11.04.2017 13:00;6
11.04.2017 12:30;5
11.04.2017 12:00;6
11.04.2017 11:30;6
11.04.2017 11:00;6
11.04.2017 10:30;4
11.04.2017 10:00;4
11.04.2017 9:30;3
11.04.2017 9:00;3
11.04.2017 8:30;3
11.04.2017 8:00;2
11.04.2017 7:30;2
11.04.2017 7:00;2
11.04.2017 6:30;2
11.04.2017 6:00;3
11.04.2017 5:30;2
11.04.2017 5:00;2
11.04.2017 4:30;2
11.04.2017 4:00;2
11.04.2017 3:30;2
11.04.2017 3:00;2
11.04.2017 2:30;2
11.04.2017 2:00;2
11.04.2017 1:30;1
11.04.2017 1:00;1
11.04.2017 0:30;2
11.04.2017 0:00;1
10.04.2017 23:30;2
10.04.2017 23:00;2
10.04.2017 22:30;2
10.04.2017 22:00;2
10.04.2017 21:30;3
10.04.2017 21:00;3
10.04.2017 20:30;4
10.04.2017 20:00;4
10.04.2017 19:30;3
10.04.2017 19:00;4
10.04.2017 18:30;4
10.04.2017 18:00;5
10.04.2017 17:30;5
10.04.2017 17:00;5
10.04.2017 16:30;5
10.04.2017 16:00;5
10.04.2017 15:30;5
10.04.2017 15:00;5
10.04.2017 14:30;5
10.04.2017 14:00;4
10.04.2017 13:30;3
10.04.2017 13:00;3
10.04.2017 12:30;2
10.04.2017 12:00;2
10.04.2017 11:30;1
10.04.2017 11:00;0
10.04.2017 10:30;0
10.04.2017 10:00;0
10.04.2017 9:30;-1
10.04.2017 9:00;-1
10.04.2017 8:30;-1
10.04.2017 8:00;-1
10.04.2017 7:30;-1
10.04.2017 7:00;-2
10.04.2017 6:30;-1
10.04.2017 6:00;0
10.04.2017 5:30;0
10.04.2017 5:00;0
10.04.2017 4:30;0
10.04.2017 4:00;0
10.04.2017 3:30;0
10.04.2017 3:00;1
10.04.2017 2:30;1
10.04.2017 2:00;1
10.04.2017 1:00;2
10.04.2017 0:00;2
09.04.2017 23:00;1
09.04.2017 22:30;3
09.04.2017 22:00;2
09.04.2017 21:00;3
09.04.2017 20:30;3
09.04.2017 20:00;3
09.04.2017 19:30;3
09.04.2017 19:00;4
09.04.2017 18:30;3
09.04.2017 18:00;4
09.04.2017 17:30;5
09.04.2017 17:00;6
09.04.2017 16:30;7
09.04.2017 16:00;8
09.04.2017 15:30;7
09.04.2017 15:00;7
09.04.2017 14:30;8
09.04.2017 14:00;6
09.04.2017 13:30;7
09.04.2017 13:00;8
09.04.2017 12:30;8
09.04.2017 12:00;7
09.04.2017 11:30;7
09.04.2017 11:00;7
09.04.2017 10:30;5
09.04.2017 10:00;5
09.04.2017 9:30;6
09.04.2017 9:00;6
09.04.2017 8:30;6
09.04.2017 8:00;6
09.04.2017 7:30;5
09.04.2017 7:00;5
09.04.2017 6:30;6
09.04.2017 6:00;5
09.04.2017 5:30;5
09.04.2017 5:00;6
09.04.2017 4:30;6
09.04.2017 4:00;6
09.04.2017 3:30;6
09.04.2017 3:00;7
09.04.2017 2:30;7
09.04.2017 2:00;7
09.04.2017 1:00;6
09.04.2017 0:00;5
08.04.2017 23:30;5
08.04.2017 23:00;4
08.04.2017 22:30;5
08.04.2017 22:00;5
08.04.2017 21:30;8
08.04.2017 21:00;7
08.04.2017 20:30;8
08.04.2017 20:00;8
08.04.2017 19:30;9
08.04.2017 19:00;11
08.04.2017 18:30;9
08.04.2017 18:00;11
08.04.2017 17:30;10
08.04.2017 17:00;11
08.04.2017 16:30;11
08.04.2017 16:00;11
08.04.2017 15:30;11
08.04.2017 15:00;9
08.04.2017 14:30;9
08.04.2017 14:00;10
08.04.2017 13:30;9
08.04.2017 13:00;9
08.04.2017 12:30;7
08.04.2017 12:00;7
08.04.2017 11:30;6
08.04.2017 11:00;8
08.04.2017 10:30;6
08.04.2017 10:00;6
08.04.2017 9:30;6
08.04.2017 9:00;5
08.04.2017 8:30;5
08.04.2017 8:00;4
08.04.2017 7:30;4
08.04.2017 7:00;3
08.04.2017 6:30;3
08.04.2017 6:00;3
08.04.2017 5:30;4
08.04.2017 5:00;3
08.04.2017 4:30;3
08.04.2017 4:00;3
08.04.2017 3:30;3
08.04.2017 3:00;3
08.04.2017 2:30;3
08.04.2017 2:00;3
08.04.2017 1:00;4
08.04.2017 0:00;4
07.04.2017 23:30;5
07.04.2017 23:00;5
07.04.2017 22:30;5
07.04.2017 22:00;5
07.04.2017 21:30;5
07.04.2017 21:00;5
07.04.2017 20:30;5
07.04.2017 20:00;5
07.04.2017 19:30;6
07.04.2017 19:00;7
07.04.2017 18:30;6
07.04.2017 18:00;6
07.04.2017 17:30;7
07.04.2017 17:00;6
07.04.2017 16:30;7
07.04.2017 16:00;7
07.04.2017 15:30;7
07.04.2017 15:00;6
07.04.2017 14:30;7
07.04.2017 14:00;6
07.04.2017 13:30;6
07.04.2017 13:00;5
07.04.2017 12:30;5
07.04.2017 12:00;5
07.04.2017 11:30;4
07.04.2017 11:00;4
07.04.2017 10:30;3
07.04.2017 10:00;3
07.04.2017 9:30;3
07.04.2017 9:00;3
07.04.2017 8:30;2
07.04.2017 8:00;2
07.04.2017 7:30;2
07.04.2017 7:00;2
07.04.2017 6:30;2
07.04.2017 6:00;3
07.04.2017 5:30;3
07.04.2017 5:00;3
07.04.2017 4:30;3
07.04.2017 4:00;3
07.04.2017 3:30;3
07.04.2017 3:00;3
07.04.2017 2:30;3
07.04.2017 2:00;3
07.04.2017 1:30;3
07.04.2017 1:00;3
07.04.2017 0:30;3
07.04.2017 0:00;4
06.04.2017 23:30;4
06.04.2017 23:00;4
06.04.2017 22:30;3
06.04.2017 22:00;4
06.04.2017 21:30;4
06.04.2017 21:00;4
06.04.2017 20:30;4
06.04.2017 20:00;5
06.04.2017 19:30;5
06.04.2017 19:00;5
06.04.2017 18:30;5
06.04.2017 18:00;5
06.04.2017 17:30;5
06.04.2017 17:00;5
06.04.2017 16:30;6
06.04.2017 16:00;6
06.04.2017 15:30;5
06.04.2017 15:00;4
06.04.2017 14:30;4
06.04.2017 14:00;4
06.04.2017 13:30;3
06.04.2017 13:00;3
06.04.2017 12:30;2
06.04.2017 12:00;3
06.04.2017 11:30;2
06.04.2017 11:00;2
06.04.2017 10:30;2
06.04.2017 10:00;2
06.04.2017 9:30;2
06.04.2017 9:00;2
06.04.2017 8:30;2
06.04.2017 8:00;2
06.04.2017 7:30;2
06.04.2017 7:00;1
06.04.2017 6:30;2
06.04.2017 6:00;2
06.04.2017 5:30;2
06.04.2017 5:00;3
06.04.2017 4:30;3
06.04.2017 4:00;3
06.04.2017 3:30;3
06.04.2017 3:00;3
06.04.2017 2:30;3
06.04.2017 2:00;3
06.04.2017 1:30;3
06.04.2017 1:00;3
06.04.2017 0:30;3
06.04.2017 0:00;3
05.04.2017 23:30;3
05.04.2017 23:00;4
05.04.2017 22:30;4
05.04.2017 22:00;4
05.04.2017 21:30;5
05.04.2017 21:00;5
05.04.2017 20:30;6
05.04.2017 20:00;6
05.04.2017 19:30;6
05.04.2017 19:00;6
05.04.2017 18:30;6
05.04.2017 18:00;7
05.04.2017 17:30;6
05.04.2017 17:00;5
05.04.2017 16:30;5
05.04.2017 16:00;5
05.04.2017 15:30;4
05.04.2017 15:00;3
05.04.2017 14:30;3
05.04.2017 14:00;2
05.04.2017 13:30;2
05.04.2017 13:00;1
05.04.2017 12:30;1
05.04.2017 12:00;0
05.04.2017 11:30;0
05.04.2017 11:00;0
05.04.2017 10:30;-1
05.04.2017 10:00;-1
05.04.2017 9:30;-1
05.04.2017 9:00;-2
05.04.2017 8:30;-2
05.04.2017 8:00;-2
05.04.2017 7:30;-2
05.04.2017 7:00;-2
05.04.2017 6:30;-2
05.04.2017 6:00;-2
05.04.2017 5:30;-3
05.04.2017 5:00;-3
05.04.2017 4:30;-2
05.04.2017 4:00;-1
05.04.2017 3:30;-2
05.04.2017 3:00;-2
05.04.2017 2:30;-2
05.04.2017 2:00;-2
05.04.2017 1:30;-2
05.04.2017 1:00;-2
05.04.2017 0:30;-2
05.04.2017 0:00;-1
04.04.2017 23:30;-1
04.04.2017 23:00;-2
04.04.2017 22:30;-2
04.04.2017 22:00;-3
04.04.2017 21:30;-4
04.04.2017 21:00;-3
04.04.2017 20:30;-2
04.04.2017 20:00;-1
04.04.2017 19:30;0
04.04.2017 19:00;0
04.04.2017 18:30;0
04.04.2017 18:00;1
04.04.2017 17:30;1
04.04.2017 17:00;0
04.04.2017 16:30;0
04.04.2017 16:00;0
04.04.2017 15:30;0
04.04.2017 15:00;0
04.04.2017 14:30;-1
04.04.2017 14:00;-1
04.04.2017 13:30;-1
04.04.2017 13:00;-1
04.04.2017 12:30;-1
04.04.2017 12:00;-2
04.04.2017 11:30;-2
04.04.2017 11:00;-3
04.04.2017 10:30;-3
04.04.2017 10:00;-4
04.04.2017 9:30;-4
04.04.2017 9:00;-5
04.04.2017 8:30;-6
04.04.2017 8:00;-6
04.04.2017 7:30;-7
04.04.2017 7:00;-8
04.04.2017 6:30;-7
04.04.2017 6:00;-8
04.04.2017 5:30;-7
04.04.2017 5:00;-8
04.04.2017 4:30;-8
04.04.2017 4:00;-7
04.04.2017 3:30;-6
04.04.2017 3:00;-5
04.04.2017 2:30;-5
04.04.2017 2:00;-4
04.04.2017 1:00;-3
04.04.2017 0:30;-4
04.04.2017 0:00;-3
03.04.2017 23:30;-3
03.04.2017 23:00;-4
03.04.2017 22:30;-4
03.04.2017 22:00;-3
03.04.2017 21:30;-4
03.04.2017 21:00;-3
03.04.2017 20:30;-2
03.04.2017 20:00;-2
03.04.2017 19:30;-2
03.04.2017 19:00;-2
03.04.2017 18:30;-1
03.04.2017 18:00;-1
03.04.2017 17:30;-1
03.04.2017 17:00;0
03.04.2017 16:30;-1
03.04.2017 16:00;-1
03.04.2017 15:30;-1
03.04.2017 15:00;-1
03.04.2017 14:30;-1
03.04.2017 14:00;-2
03.04.2017 13:30;-1
03.04.2017 13:00;-1
03.04.2017 12:30;-2
03.04.2017 12:00;-3
03.04.2017 11:30;-2
03.04.2017 11:00;-2
03.04.2017 10:30;-2
03.04.2017 10:00;-2
03.04.2017 9:30;-2
03.04.2017 9:00;-2
03.04.2017 8:30;-3
03.04.2017 8:00;-3
03.04.2017 7:30;-3
03.04.2017 7:00;-3
03.04.2017 6:30;-4
03.04.2017 6:00;-4
03.04.2017 5:30;-4
03.04.2017 5:00;-4
03.04.2017 4:30;-4
03.04.2017 4:00;-4
03.04.2017 3:30;-4
03.04.2017 3:00;-3
03.04.2017 2:30;-3
03.04.2017 2:00;-3
03.04.2017 1:00;-3
03.04.2017 0:00;-4
02.04.2017 23:00;-3
02.04.2017 22:30;-4
02.04.2017 22:00;-4
02.04.2017 21:30;-4
02.04.2017 21:00;-4
02.04.2017 20:30;-4
02.04.2017 20:00;-4
02.04.2017 19:30;-3
02.04.2017 19:00;-3
02.04.2017 18:30;-2
02.04.2017 18:00;-2
02.04.2017 17:30;-2
02.04.2017 17:00;-2
02.04.2017 16:30;-2
02.04.2017 16:00;-1
02.04.2017 15:30;-1
02.04.2017 15:00;-1
02.04.2017 14:30;-1
02.04.2017 14:00;-1
02.04.2017 13:30;-1
02.04.2017 13:00;-1
02.04.2017 12:30;-1
02.04.2017 12:00;-2
02.04.2017 11:30;-3
02.04.2017 11:00;-3
02.04.2017 10:30;-4
02.04.2017 10:00;-5
02.04.2017 9:30;-6
02.04.2017 9:00;-7
02.04.2017 8:30;-8
02.04.2017 8:00;-8
02.04.2017 7:30;-8
02.04.2017 7:00;-9
02.04.2017 6:30;-9
02.04.2017 6:00;-9
02.04.2017 5:30;-10
02.04.2017 5:00;-10
02.04.2017 4:30;-10
02.04.2017 4:00;-10
02.04.2017 3:30;-9
02.04.2017 3:00;-9
02.04.2017 2:30;-8
02.04.2017 2:00;-8
02.04.2017 1:30;-8
02.04.2017 1:00;-8
02.04.2017 0:00;-6
01.04.2017 23:00;-4
01.04.2017 22:00;-4
01.04.2017 21:30;-2
01.04.2017 21:00;-2
01.04.2017 20:30;-1
01.04.2017 20:00;-2
01.04.2017 19:30;-1
01.04.2017 19:00;-1
01.04.2017 18:30;-1
01.04.2017 18:00;-1
01.04.2017 17:30;0
01.04.2017 17:00;0
01.04.2017 16:30;-1
01.04.2017 16:00;0
01.04.2017 15:30;-1
01.04.2017 15:00;-1
01.04.2017 14:30;-1
01.04.2017 14:00;-1
01.04.2017 13:30;-1
01.04.2017 13:00;-2
01.04.2017 12:30;-2
01.04.2017 12:00;-3
01.04.2017 11:30;-4
01.04.2017 11:00;-6
01.04.2017 10:30;-7
01.04.2017 10:00;-8
01.04.2017 9:30;-8
01.04.2017 9:00;-9
01.04.2017 8:30;-10
01.04.2017 8:00;-10
01.04.2017 7:30;-11
01.04.2017 7:00;-12
01.04.2017 6:30;-11
01.04.2017 6:00;-12
01.04.2017 5:30;-11
01.04.2017 5:00;-11
01.04.2017 4:30;-10
01.04.2017 4:00;-10
01.04.2017 3:30;-10
01.04.2017 3:00;-10
01.04.2017 2:30;-8
01.04.2017 2:00;-8
01.04.2017 1:30;-7
01.04.2017 1:00;-8
01.04.2017 0:30;-7
01.04.2017 0:00;-7
31.03.2017 23:30;-7
31.03.2017 23:00;-5
31.03.2017 22:30;-6
31.03.2017 22:00;-5
31.03.2017 21:30;-5
31.03.2017 21:00;-5
31.03.2017 20:30;-4
31.03.2017 20:00;-4
31.03.2017 19:30;-4
31.03.2017 19:00;-3
31.03.2017 18:30;-3
31.03.2017 18:00;-3
31.03.2017 17:30;-3
31.03.2017 17:00;-2
31.03.2017 16:30;-2
31.03.2017 16:00;-3
31.03.2017 15:30;-2
31.03.2017 15:00;-3
31.03.2017 14:30;-3
31.03.2017 14:00;-3
31.03.2017 13:30;-4
31.03.2017 13:00;-4
31.03.2017 12:30;-4
31.03.2017 12:00;-5
31.03.2017 11:30;-5
31.03.2017 11:00;-6
31.03.2017 10:30;-6
31.03.2017 10:00;-7
31.03.2017 9:30;-7
31.03.2017 9:00;-7
31.03.2017 8:30;-8
31.03.2017 8:00;-8
31.03.2017 7:30;-8
31.03.2017 7:00;-8
31.03.2017 6:30;-8
31.03.2017 6:00;-8
31.03.2017 5:30;-7
31.03.2017 5:00;-7
31.03.2017 4:30;-6
31.03.2017 4:00;-6
31.03.2017 3:30;-6
31.03.2017 3:00;-6
31.03.2017 2:30;-6
31.03.2017 2:00;-6
31.03.2017 1:30;-5
31.03.2017 1:00;-6
31.03.2017 0:30;-6
31.03.2017 0:00;-6
30.03.2017 23:30;-5
30.03.2017 23:00;-6
30.03.2017 22:30;-5
30.03.2017 22:00;-5
30.03.2017 21:30;-4
30.03.2017 21:00;-3
30.03.2017 20:30;-3
30.03.2017 20:00;-3
30.03.2017 19:30;-3
30.03.2017 19:00;-3
30.03.2017 18:30;-2
30.03.2017 18:00;-2
30.03.2017 17:30;-2
30.03.2017 17:00;-2
30.03.2017 16:30;-1
30.03.2017 16:00;-1
30.03.2017 15:30;-1
30.03.2017 15:00;-1
30.03.2017 14:30;-2
30.03.2017 14:00;-2
30.03.2017 13:30;-2
30.03.2017 13:00;-2
30.03.2017 12:30;-2
30.03.2017 12:00;-2
30.03.2017 11:30;-3
30.03.2017 11:00;-4
30.03.2017 10:30;-4
30.03.2017 10:00;-4
30.03.2017 9:30;-4
30.03.2017 9:00;-4
30.03.2017 8:30;-4
30.03.2017 8:00;-4
30.03.2017 7:30;-4
30.03.2017 7:00;-4
30.03.2017 6:30;-4
30.03.2017 6:00;-3
30.03.2017 5:30;-3
30.03.2017 5:00;-3
30.03.2017 4:30;-3
30.03.2017 4:00;-3
30.03.2017 3:30;-2
30.03.2017 3:00;-2
30.03.2017 2:30;-2
30.03.2017 2:00;-2
30.03.2017 1:30;-1
30.03.2017 1:00;-1
30.03.2017 0:30;-1
30.03.2017 0:00;-1
29.03.2017 23:30;-2
29.03.2017 23:00;-2
29.03.2017 22:30;-2
29.03.2017 22:00;-1
29.03.2017 21:30;-1
29.03.2017 21:00;-1
29.03.2017 20:30;-1
29.03.2017 20:00;0
29.03.2017 19:30;0
29.03.2017 19:00;0
29.03.2017 18:30;1
29.03.2017 18:00;1
29.03.2017 17:30;2
29.03.2017 17:00;1
29.03.2017 16:30;2
29.03.2017 16:00;1
29.03.2017 15:30;2
29.03.2017 15:00;2
29.03.2017 14:30;2
29.03.2017 14:00;2
29.03.2017 13:30;2
29.03.2017 13:00;4
29.03.2017 12:30;4
29.03.2017 12:00;1
29.03.2017 11:30;-1
29.03.2017 11:00;-1
29.03.2017 10:30;-1
29.03.2017 10:00;-1
29.03.2017 9:30;-1
29.03.2017 9:00;-1
29.03.2017 8:30;-2
29.03.2017 8:00;-2
29.03.2017 7:30;-2
29.03.2017 7:00;-1
29.03.2017 6:30;-1
29.03.2017 6:00;-1
29.03.2017 5:30;-1
29.03.2017 5:00;-1
29.03.2017 4:30;-1
29.03.2017 4:00;-1
29.03.2017 3:30;-1
29.03.2017 3:00;-2
29.03.2017 2:30;-2
29.03.2017 2:00;-2
29.03.2017 1:00;-3
29.03.2017 0:00;-1
28.03.2017 23:30;0
28.03.2017 23:00;-1
28.03.2017 22:30;0
28.03.2017 22:00;0
28.03.2017 21:30;1
28.03.2017 21:00;0
28.03.2017 20:30;1
28.03.2017 20:00;0
28.03.2017 19:30;1
28.03.2017 19:00;0
28.03.2017 18:30;1
28.03.2017 18:00;1
28.03.2017 17:30;1
28.03.2017 17:00;1
28.03.2017 16:30;0
28.03.2017 16:00;2
28.03.2017 15:30;2
28.03.2017 15:00;2
28.03.2017 14:30;1
28.03.2017 14:00;1
28.03.2017 13:30;1
28.03.2017 13:00;1
28.03.2017 12:30;1
28.03.2017 12:00;0
28.03.2017 11:30;1
28.03.2017 11:00;0
28.03.2017 10:30;0
28.03.2017 10:00;0
28.03.2017 9:30;0
28.03.2017 9:00;-1
28.03.2017 8:30;-1
28.03.2017 8:00;0
28.03.2017 7:30;0
28.03.2017 7:00;0
28.03.2017 6:30;-1
28.03.2017 6:00;-1
28.03.2017 5:30;-1
28.03.2017 5:00;0
28.03.2017 4:30;0
28.03.2017 4:00;0
28.03.2017 3:30;-1
28.03.2017 3:00;0
28.03.2017 2:30;0
28.03.2017 2:00;0
28.03.2017 1:30;0
28.03.2017 1:00;1
28.03.2017 0:30;1
28.03.2017 0:00;1
27.03.2017 23:30;1
27.03.2017 23:00;1
27.03.2017 22:30;1
27.03.2017 22:00;1
27.03.2017 21:30;1
27.03.2017 21:00;1
27.03.2017 20:30;2
27.03.2017 20:00;2
27.03.2017 19:30;2
27.03.2017 19:00;2
27.03.2017 18:30;3
27.03.2017 18:00;3
27.03.2017 17:30;3
27.03.2017 17:00;2
27.03.2017 16:30;3
27.03.2017 16:00;3
27.03.2017 15:30;3
27.03.2017 15:00;3
27.03.2017 14:30;3
27.03.2017 14:00;3
27.03.2017 13:30;2
27.03.2017 13:00;2
27.03.2017 12:30;2
27.03.2017 12:00;1
27.03.2017 11:30;1
27.03.2017 11:00;0
27.03.2017 10:30;0
27.03.2017 10:00;0
27.03.2017 9:30;0
27.03.2017 9:00;0
27.03.2017 8:30;-1
27.03.2017 8:00;-1
27.03.2017 7:30;-1
27.03.2017 7:00;-1
27.03.2017 6:30;-1
27.03.2017 6:00;-1
27.03.2017 5:30;0
27.03.2017 5:00;0
27.03.2017 4:30;0
27.03.2017 4:00;0
27.03.2017 3:30;0
27.03.2017 3:00;0
27.03.2017 2:30;0
27.03.2017 2:00;0
27.03.2017 1:00;0
27.03.2017 0:00;0
26.03.2017 23:30;-1
26.03.2017 23:00;-1
26.03.2017 22:30;-1
26.03.2017 22:00;-1
26.03.2017 21:30;-1
26.03.2017 21:00;-1
26.03.2017 20:30;-1
26.03.2017 20:00;-1
26.03.2017 19:30;-1
26.03.2017 19:00;-1
26.03.2017 18:30;-1
26.03.2017 18:00;0
26.03.2017 17:30;0
26.03.2017 17:00;1
26.03.2017 16:30;1
26.03.2017 16:00;1
26.03.2017 15:30;2
26.03.2017 15:00;2
26.03.2017 14:30;2
26.03.2017 14:00;2
26.03.2017 13:30;2
26.03.2017 13:00;2
26.03.2017 12:30;2
26.03.2017 12:00;2
26.03.2017 11:30;2
26.03.2017 11:00;2
26.03.2017 10:30;1
26.03.2017 10:00;1
26.03.2017 9:30;1
26.03.2017 9:00;1
26.03.2017 8:30;0
26.03.2017 8:00;1
26.03.2017 7:30;1
26.03.2017 7:00;1
26.03.2017 6:30;1
26.03.2017 6:00;1
26.03.2017 5:30;2
26.03.2017 5:00;1
26.03.2017 4:30;1
26.03.2017 4:00;1
26.03.2017 3:30;1
26.03.2017 3:00;1
26.03.2017 2:30;1
26.03.2017 2:00;1
26.03.2017 1:30;1
26.03.2017 1:00;1
26.03.2017 0:30;1
26.03.2017 0:00;1
25.03.2017 23:30;1
25.03.2017 23:00;1
25.03.2017 22:30;1
25.03.2017 22:00;1
25.03.2017 21:30;1
25.03.2017 21:00;1
25.03.2017 20:30;0
25.03.2017 20:00;0
25.03.2017 19:30;0
25.03.2017 19:00;1
25.03.2017 18:30;1
25.03.2017 18:00;1
25.03.2017 17:30;1
25.03.2017 17:00;1
25.03.2017 16:30;1
25.03.2017 16:00;1
25.03.2017 15:30;1
25.03.2017 15:00;2
25.03.2017 14:30;1
25.03.2017 14:00;1
25.03.2017 13:30;1
25.03.2017 13:00;1
25.03.2017 12:30;1
25.03.2017 12:00;1
25.03.2017 11:30;1
25.03.2017 11:00;1
25.03.2017 10:30;1
25.03.2017 10:00;1
25.03.2017 9:30;0
25.03.2017 9:00;0
25.03.2017 8:30;0
25.03.2017 8:00;-1
25.03.2017 7:30;-1
25.03.2017 7:00;-1
25.03.2017 6:30;-1
25.03.2017 6:00;-1
25.03.2017 5:30;-1
25.03.2017 5:00;-1
25.03.2017 4:30;-2
25.03.2017 4:00;-2
25.03.2017 3:30;-2
25.03.2017 3:00;-2
25.03.2017 2:30;-1
25.03.2017 2:00;-1
25.03.2017 1:30;0
25.03.2017 1:00;1
25.03.2017 0:30;2
25.03.2017 0:00;2
24.03.2017 23:30;1
24.03.2017 23:00;1
24.03.2017 22:30;2
24.03.2017 22:00;1
24.03.2017 21:30;2
24.03.2017 21:00;1
24.03.2017 20:30;1
24.03.2017 20:00;1
24.03.2017 19:30;2
24.03.2017 19:00;2
24.03.2017 18:30;3
24.03.2017 18:00;3
24.03.2017 17:30;3
24.03.2017 17:00;3
24.03.2017 16:30;4
24.03.2017 16:00;3
24.03.2017 15:30;3
24.03.2017 15:00;3
24.03.2017 14:30;3
24.03.2017 14:00;2
24.03.2017 13:30;2
24.03.2017 13:00;2
24.03.2017 12:30;2
24.03.2017 12:00;1
24.03.2017 11:30;1
24.03.2017 11:00;1
24.03.2017 10:30;1
24.03.2017 10:00;0
24.03.2017 9:30;0
24.03.2017 9:00;0
24.03.2017 8:30;0
24.03.2017 8:00;0
24.03.2017 7:30;0
24.03.2017 7:00;0
24.03.2017 6:30;0
24.03.2017 6:00;0
24.03.2017 5:30;0
24.03.2017 5:00;-1
24.03.2017 4:30;-1
24.03.2017 4:00;-1
24.03.2017 3:30;-1
24.03.2017 3:00;-1
24.03.2017 2:30;-1
24.03.2017 2:00;0
24.03.2017 1:30;0
24.03.2017 1:00;0
24.03.2017 0:30;0
24.03.2017 0:00;1
23.03.2017 23:30;1
23.03.2017 23:00;1
23.03.2017 22:30;2
23.03.2017 22:00;2
23.03.2017 21:30;2
23.03.2017 21:00;3
23.03.2017 20:30;3
23.03.2017 20:00;2
23.03.2017 19:30;2
23.03.2017 19:00;4
23.03.2017 18:30;3
23.03.2017 18:00;3
23.03.2017 17:30;4
23.03.2017 17:00;4
23.03.2017 16:30;4
23.03.2017 16:00;5
23.03.2017 15:30;5
23.03.2017 15:00;7
23.03.2017 14:30;7
23.03.2017 14:00;6
23.03.2017 13:30;5
23.03.2017 13:00;4
23.03.2017 12:30;4
23.03.2017 12:00;2
23.03.2017 11:30;1
23.03.2017 11:00;1
23.03.2017 10:30;0
23.03.2017 10:00;-2
23.03.2017 9:30;-2
23.03.2017 9:00;-5
23.03.2017 8:30;-6
23.03.2017 8:00;-5
23.03.2017 7:30;-5
23.03.2017 7:00;-3
23.03.2017 6:30;-5
23.03.2017 6:00;-5
23.03.2017 5:30;-5
23.03.2017 5:00;-6
23.03.2017 4:30;-5
23.03.2017 4:00;-4
23.03.2017 3:30;-4
23.03.2017 3:00;-4
23.03.2017 2:30;-2
23.03.2017 2:00;-2
23.03.2017 1:00;-3
23.03.2017 0:00;-1
22.03.2017 23:30;-1
22.03.2017 23:00;-2
22.03.2017 22:30;0
22.03.2017 22:00;-1
22.03.2017 21:30;-1
22.03.2017 21:00;0
22.03.2017 20:30;1
22.03.2017 20:00;3
22.03.2017 19:30;2
22.03.2017 19:00;2
22.03.2017 18:30;3
22.03.2017 18:00;5
22.03.2017 17:30;6
22.03.2017 17:00;6
22.03.2017 16:30;6
22.03.2017 16:00;5
22.03.2017 15:30;5
22.03.2017 15:00;4
22.03.2017 14:30;4
22.03.2017 14:00;3
22.03.2017 13:30;2
22.03.2017 13:00;2
22.03.2017 12:30;0
22.03.2017 12:00;0
22.03.2017 11:30;-2
22.03.2017 11:00;-2
22.03.2017 10:30;-3
22.03.2017 10:00;-3
22.03.2017 9:30;-3
22.03.2017 9:00;-4
22.03.2017 8:30;-5
22.03.2017 8:00;-6
22.03.2017 7:30;-5
22.03.2017 7:00;-5
22.03.2017 6:30;-5
22.03.2017 6:00;-5
22.03.2017 5:30;-4
22.03.2017 5:00;-4
22.03.2017 4:30;-3
22.03.2017 4:00;-4
22.03.2017 3:30;-3
22.03.2017 3:00;-3
22.03.2017 2:30;-3
22.03.2017 2:00;-3
22.03.2017 1:00;-2
22.03.2017 0:00;-2
21.03.2017 23:00;-1
21.03.2017 22:30;-1
21.03.2017 22:00;-1
21.03.2017 21:30;0
21.03.2017 21:00;0
21.03.2017 20:30;1
21.03.2017 20:00;1
21.03.2017 19:30;2
21.03.2017 19:00;2
21.03.2017 18:30;3
21.03.2017 18:00;4
21.03.2017 17:30;5
21.03.2017 17:00;5
21.03.2017 16:30;5
21.03.2017 16:00;5
21.03.2017 15:30;6
21.03.2017 15:00;5
21.03.2017 14:30;4
21.03.2017 14:00;3
21.03.2017 13:30;3
21.03.2017 13:00;1
21.03.2017 12:30;0
21.03.2017 12:00;-1
21.03.2017 11:30;-2
21.03.2017 11:00;-3
21.03.2017 10:30;-3
21.03.2017 10:00;-4
21.03.2017 9:30;-5
21.03.2017 9:00;-6
21.03.2017 8:30;-7
21.03.2017 8:00;-7
21.03.2017 7:30;-7
21.03.2017 7:00;-7
21.03.2017 6:30;-7
21.03.2017 6:00;-7
21.03.2017 5:30;-6
21.03.2017 5:00;-7
21.03.2017 4:30;-6
21.03.2017 4:00;-7
21.03.2017 3:30;-7
21.03.2017 3:00;-6
21.03.2017 2:30;-6
21.03.2017 2:00;-6
21.03.2017 1:30;-6
21.03.2017 1:00;-7
21.03.2017 0:30;-6
21.03.2017 0:00;-7
20.03.2017 23:30;-5
20.03.2017 23:00;-4
20.03.2017 22:30;-5
20.03.2017 22:00;-1
20.03.2017 21:30;-1
20.03.2017 21:00;0
20.03.2017 20:30;1
20.03.2017 20:00;0
20.03.2017 19:30;1
20.03.2017 19:00;1
20.03.2017 18:30;2
20.03.2017 18:00;2
20.03.2017 17:30;5
20.03.2017 17:00;3
20.03.2017 16:30;2
20.03.2017 16:00;3
20.03.2017 15:30;2
20.03.2017 15:00;3
20.03.2017 14:30;1
20.03.2017 14:00;1
20.03.2017 13:30;0
20.03.2017 13:00;-1
20.03.2017 12:30;-1
20.03.2017 12:00;-2
20.03.2017 11:30;-2
20.03.2017 11:00;-3
20.03.2017 10:30;-3
20.03.2017 10:00;-3
20.03.2017 9:30;-3
20.03.2017 9:00;-3
20.03.2017 8:30;-4
20.03.2017 8:00;-4
20.03.2017 7:30;-4
20.03.2017 7:00;-5
20.03.2017 6:30;-5
20.03.2017 6:00;-6
20.03.2017 5:30;-5
20.03.2017 5:00;-5
20.03.2017 4:30;-5
20.03.2017 4:00;-5
20.03.2017 3:30;-4
20.03.2017 3:00;-4
20.03.2017 2:30;-5
20.03.2017 2:00;-4
20.03.2017 1:30;-3
20.03.2017 1:00;-4
20.03.2017 0:30;-4
20.03.2017 0:00;-1
19.03.2017 23:30;-1
19.03.2017 23:00;-2
19.03.2017 22:30;-4
19.03.2017 22:00;-4
19.03.2017 21:30;-4
19.03.2017 21:00;-1
19.03.2017 20:30;-1
19.03.2017 20:00;-2
19.03.2017 19:30;-1
19.03.2017 19:00;0
19.03.2017 18:30;1
19.03.2017 18:00;3
19.03.2017 17:30;2
19.03.2017 17:00;3
19.03.2017 16:30;3
19.03.2017 16:00;2
19.03.2017 15:30;2
19.03.2017 15:00;2
19.03.2017 14:30;1
19.03.2017 14:00;1
19.03.2017 13:30;1
19.03.2017 13:00;0
19.03.2017 12:30;-1
19.03.2017 12:00;-1
19.03.2017 11:30;-2
19.03.2017 11:00;-3
19.03.2017 10:30;-4
19.03.2017 10:00;-5
19.03.2017 9:30;-6
19.03.2017 9:00;-7
19.03.2017 8:30;-7
19.03.2017 8:00;-8
19.03.2017 7:30;-8
19.03.2017 7:00;-7
19.03.2017 6:30;-8
19.03.2017 6:00;-6
19.03.2017 5:30;-5
19.03.2017 5:00;-4
19.03.2017 4:30;-4
19.03.2017 4:00;-5
19.03.2017 3:30;-5
19.03.2017 3:00;-5
19.03.2017 2:30;-6
19.03.2017 2:00;-5
19.03.2017 1:30;-4
19.03.2017 1:00;-4
19.03.2017 0:30;-4
19.03.2017 0:00;-4
18.03.2017 23:30;-2
18.03.2017 23:00;-2
18.03.2017 22:30;-2
18.03.2017 22:00;-2
18.03.2017 21:30;-1
18.03.2017 21:00;-1
18.03.2017 20:30;0
18.03.2017 20:00;0
18.03.2017 19:30;0
18.03.2017 19:00;1
18.03.2017 18:30;2
18.03.2017 18:00;2
18.03.2017 17:30;4
18.03.2017 17:00;3
18.03.2017 16:30;3
18.03.2017 16:00;3
18.03.2017 15:30;4
18.03.2017 15:00;3
18.03.2017 14:30;2
18.03.2017 14:00;2
18.03.2017 13:30;1
18.03.2017 13:00;1
18.03.2017 12:30;1
18.03.2017 12:00;0
18.03.2017 11:30;0
18.03.2017 11:00;-1
18.03.2017 10:30;-1
18.03.2017 10:00;-2
18.03.2017 9:30;-2
18.03.2017 9:00;-3
18.03.2017 8:30;-2
18.03.2017 8:00;-2
18.03.2017 7:30;-3
18.03.2017 7:00;-3
18.03.2017 6:30;-3
18.03.2017 6:00;-2
18.03.2017 5:30;-3
18.03.2017 5:00;-2
18.03.2017 4:30;-2
18.03.2017 4:00;-1
18.03.2017 3:30;-1
18.03.2017 3:00;-1
18.03.2017 2:30;-1
18.03.2017 2:00;-1
18.03.2017 1:00;-2
18.03.2017 0:00;-1
17.03.2017 23:30;0
17.03.2017 23:00;0
17.03.2017 22:30;0
17.03.2017 22:00;1
17.03.2017 21:30;1
17.03.2017 21:00;1
17.03.2017 20:30;1
17.03.2017 20:00;2
17.03.2017 19:30;2
17.03.2017 19:00;2
17.03.2017 18:30;3
17.03.2017 18:00;2
17.03.2017 17:30;2
17.03.2017 17:00;2
17.03.2017 16:30;3
17.03.2017 16:00;4
17.03.2017 15:30;4
17.03.2017 15:00;3
17.03.2017 14:30;2
17.03.2017 14:00;2
17.03.2017 13:30;1
17.03.2017 13:00;1
17.03.2017 12:30;1
17.03.2017 12:00;1
17.03.2017 11:30;-1
17.03.2017 11:00;-3
17.03.2017 10:30;-3
17.03.2017 10:00;-4
17.03.2017 9:30;-5
17.03.2017 9:00;-7
17.03.2017 8:30;-8
17.03.2017 8:00;-8
17.03.2017 7:30;-8
17.03.2017 7:00;-8
17.03.2017 6:30;-8
17.03.2017 6:00;-8
17.03.2017 5:30;-7
17.03.2017 5:00;-8
17.03.2017 4:30;-6
17.03.2017 4:00;-4
17.03.2017 3:30;-5
17.03.2017 3:00;-6
17.03.2017 2:30;-5
17.03.2017 2:00;-5
17.03.2017 1:00;-3
17.03.2017 0:00;-3
16.03.2017 23:00;-2
16.03.2017 22:30;-2
16.03.2017 22:00;-1
16.03.2017 21:30;-1
16.03.2017 21:00;0
16.03.2017 20:30;0
16.03.2017 20:00;0
16.03.2017 19:30;1
16.03.2017 19:00;2
16.03.2017 18:30;1
16.03.2017 18:00;2
16.03.2017 17:30;3
16.03.2017 17:00;3
16.03.2017 16:30;3
16.03.2017 16:00;2
16.03.2017 15:30;2
16.03.2017 15:00;2
16.03.2017 14:30;2
16.03.2017 14:00;1
16.03.2017 13:30;1
16.03.2017 13:00;0
16.03.2017 12:30;-1
16.03.2017 12:00;-2
16.03.2017 11:30;-2
16.03.2017 11:00;-3
16.03.2017 10:30;-3
16.03.2017 10:00;-4
16.03.2017 9:30;-4
16.03.2017 9:00;-5
16.03.2017 8:30;-6
16.03.2017 8:00;-7
16.03.2017 7:30;-7
16.03.2017 7:00;-6
16.03.2017 6:30;-5
16.03.2017 6:00;-4
16.03.2017 5:30;-4
16.03.2017 5:00;-3
16.03.2017 4:30;-4
16.03.2017 4:00;-4
16.03.2017 3:30;-3
16.03.2017 3:00;-3
16.03.2017 2:30;-3
16.03.2017 2:00;-5
16.03.2017 1:00;-4
16.03.2017 0:00;-2
15.03.2017 23:30;-1
15.03.2017 23:00;-1
15.03.2017 22:30;0
15.03.2017 22:00;0
15.03.2017 21:30;-1
15.03.2017 21:00;-1
15.03.2017 20:30;0
15.03.2017 20:00;0
15.03.2017 19:30;-1
15.03.2017 19:00;-1
15.03.2017 18:30;-1
15.03.2017 18:00;0
15.03.2017 17:30;0
15.03.2017 17:00;1
15.03.2017 16:30;1
15.03.2017 16:00;1
15.03.2017 15:30;2
15.03.2017 15:00;2
15.03.2017 14:30;1
15.03.2017 14:00;0
15.03.2017 13:30;-1
15.03.2017 13:00;-2
15.03.2017 12:30;-3
15.03.2017 12:00;-4
15.03.2017 11:30;-4
15.03.2017 11:00;-7
15.03.2017 10:30;-8
15.03.2017 10:00;-11
15.03.2017 9:30;-13
15.03.2017 9:00;-16
15.03.2017 8:30;-18
15.03.2017 8:00;-16
15.03.2017 7:30;-17
15.03.2017 7:00;-16
15.03.2017 6:30;-16
15.03.2017 6:00;-17
15.03.2017 5:30;-16
15.03.2017 5:00;-15
15.03.2017 4:30;-13
15.03.2017 4:00;-14
15.03.2017 3:30;-15
15.03.2017 3:00;-14
15.03.2017 2:30;-13
15.03.2017 2:00;-14
15.03.2017 1:00;-12
15.03.2017 0:30;-14
15.03.2017 0:00;-12
14.03.2017 23:30;-12
14.03.2017 23:00;-9
14.03.2017 22:30;-7
14.03.2017 22:00;-6
14.03.2017 21:30;-5
14.03.2017 21:00;-4
14.03.2017 20:30;-3
14.03.2017 20:00;-3
14.03.2017 19:30;-1
14.03.2017 19:00;0
14.03.2017 18:30;0
14.03.2017 18:00;0
14.03.2017 17:30;0
14.03.2017 17:00;1
14.03.2017 16:30;1
14.03.2017 16:00;1
14.03.2017 15:30;0
14.03.2017 15:00;0
14.03.2017 14:30;0
14.03.2017 14:00;0
14.03.2017 13:30;-1
14.03.2017 13:00;-1
14.03.2017 12:30;-1
14.03.2017 12:00;-1
14.03.2017 11:30;-2
14.03.2017 11:00;-2
14.03.2017 10:30;-2
14.03.2017 10:00;-2
14.03.2017 9:30;-2
14.03.2017 9:00;-2
14.03.2017 8:30;-2
14.03.2017 8:00;-2
14.03.2017 7:30;-2
14.03.2017 7:00;-2
14.03.2017 6:30;-2
14.03.2017 6:00;-1
14.03.2017 5:30;-1
14.03.2017 5:00;-1
14.03.2017 4:30;-1
14.03.2017 4:00;0
14.03.2017 3:30;0
14.03.2017 3:00;1
14.03.2017 2:30;1
14.03.2017 2:00;1
14.03.2017 1:30;2
14.03.2017 1:00;2
14.03.2017 0:30;2
14.03.2017 0:00;1
13.03.2017 23:30;1
13.03.2017 23:00;0
13.03.2017 22:30;0
13.03.2017 22:00;0
13.03.2017 21:30;0
13.03.2017 21:00;0
13.03.2017 20:30;0
13.03.2017 20:00;0
13.03.2017 19:30;0
13.03.2017 19:00;1
13.03.2017 18:30;2
13.03.2017 18:00;3
13.03.2017 17:30;3
13.03.2017 17:00;3
13.03.2017 16:30;3
13.03.2017 16:00;3
13.03.2017 15:30;3
13.03.2017 15:00;2
13.03.2017 14:30;2
13.03.2017 14:00;2
13.03.2017 13:30;1
13.03.2017 13:00;0
13.03.2017 12:30;-1
13.03.2017 12:00;-2
13.03.2017 11:30;-2
13.03.2017 11:00;-3
13.03.2017 10:30;-3
13.03.2017 10:00;-4
13.03.2017 9:30;-4
13.03.2017 9:00;-5
13.03.2017 8:30;-6
13.03.2017 8:00;-6
13.03.2017 7:30;-6
13.03.2017 7:00;-6
13.03.2017 6:30;-5
13.03.2017 6:00;-5
13.03.2017 5:30;-5
13.03.2017 5:00;-5
13.03.2017 4:30;-5
13.03.2017 4:00;-4
13.03.2017 3:30;-4
13.03.2017 3:00;-4
13.03.2017 2:30;-4
13.03.2017 2:00;-4
13.03.2017 1:00;-4
13.03.2017 0:00;-4
12.03.2017 23:30;-3
12.03.2017 23:00;-3
12.03.2017 22:30;-3
12.03.2017 22:00;-3
12.03.2017 21:30;-2
12.03.2017 21:00;-2
12.03.2017 20:30;-2
12.03.2017 20:00;-3
12.03.2017 19:30;-1
12.03.2017 19:00;-1
12.03.2017 18:30;-1
12.03.2017 18:00;-1
12.03.2017 17:30;-1
12.03.2017 17:00;-2
12.03.2017 16:30;-2
12.03.2017 16:00;-2
12.03.2017 15:30;-3
12.03.2017 15:00;-3
12.03.2017 14:30;-3
12.03.2017 14:00;-3
12.03.2017 13:30;-3
12.03.2017 13:00;-4
12.03.2017 12:30;-3
12.03.2017 12:00;-4
12.03.2017 11:30;-4
12.03.2017 11:00;-4
12.03.2017 10:30;-4
12.03.2017 10:00;-4
12.03.2017 9:30;-4
12.03.2017 9:00;-5
12.03.2017 8:30;-4
12.03.2017 8:00;-4
12.03.2017 7:30;-4
12.03.2017 7:00;-5
12.03.2017 6:30;-4
12.03.2017 6:00;-4
12.03.2017 5:30;-4
12.03.2017 5:00;-4
12.03.2017 4:30;-4
12.03.2017 4:00;-4
12.03.2017 3:30;-4
12.03.2017 3:00;-3
12.03.2017 2:30;-3
12.03.2017 2:00;-3
12.03.2017 1:00;-3
12.03.2017 0:00;-3
11.03.2017 23:30;-3
11.03.2017 23:00;-3
11.03.2017 22:30;-3
11.03.2017 22:00;-3
11.03.2017 21:30;-3
11.03.2017 21:00;-3
11.03.2017 20:30;-4
11.03.2017 20:00;-3
11.03.2017 19:30;-3
11.03.2017 19:00;-3
11.03.2017 18:30;-2
11.03.2017 18:00;-2
11.03.2017 17:30;-1
11.03.2017 17:00;-1
11.03.2017 16:30;-1
11.03.2017 16:00;-1
11.03.2017 15:30;-1
11.03.2017 15:00;-1
11.03.2017 14:30;-2
11.03.2017 14:00;-2
11.03.2017 13:30;-2
11.03.2017 13:00;-3
11.03.2017 12:30;-3
11.03.2017 12:00;-4
11.03.2017 11:30;-5
11.03.2017 11:00;-6
11.03.2017 10:30;-6
11.03.2017 10:00;-7
11.03.2017 9:30;-7
11.03.2017 9:00;-8
11.03.2017 8:30;-8
11.03.2017 8:00;-8
11.03.2017 7:30;-8
11.03.2017 7:00;-8
11.03.2017 6:30;-8
11.03.2017 6:00;-8
11.03.2017 5:30;-7
11.03.2017 5:00;-7
11.03.2017 4:30;-6
11.03.2017 4:00;-7
11.03.2017 3:30;-6
11.03.2017 3:00;-6
11.03.2017 2:30;-5
11.03.2017 2:00;-5
11.03.2017 1:30;-5
11.03.2017 1:00;-5
11.03.2017 0:30;-5
11.03.2017 0:00;-5
10.03.2017 23:30;-4
10.03.2017 23:00;-4
10.03.2017 22:30;-4
10.03.2017 22:00;-4
10.03.2017 21:30;-4
10.03.2017 21:00;-3
10.03.2017 20:30;-2
10.03.2017 20:00;-2
10.03.2017 19:30;-2
10.03.2017 19:00;-3
10.03.2017 18:30;-2
10.03.2017 18:00;0
10.03.2017 17:30;0
10.03.2017 17:00;-1
10.03.2017 16:30;-1
10.03.2017 16:00;0
10.03.2017 15:30;-1
10.03.2017 15:00;-1
10.03.2017 14:30;-1
10.03.2017 14:00;-2
10.03.2017 13:30;-3
10.03.2017 13:00;-2
10.03.2017 12:30;-4
10.03.2017 12:00;-4
10.03.2017 11:30;-5
10.03.2017 11:00;-5
10.03.2017 10:30;-6
10.03.2017 10:00;-6
10.03.2017 9:30;-6
10.03.2017 9:00;-6
10.03.2017 8:30;-6
10.03.2017 8:00;-6
10.03.2017 7:30;-6
10.03.2017 7:00;-6
10.03.2017 6:30;-7
10.03.2017 6:00;-8
10.03.2017 5:30;-8
10.03.2017 5:00;-8
10.03.2017 4:30;-7
10.03.2017 4:00;-7
10.03.2017 3:30;-7
10.03.2017 3:00;-7
10.03.2017 2:30;-7
10.03.2017 2:00;-8
10.03.2017 1:00;-7
10.03.2017 0:00;-7
09.03.2017 23:30;-6
09.03.2017 23:00;-6
09.03.2017 22:30;-7
09.03.2017 22:00;-9
09.03.2017 21:30;-8
09.03.2017 21:00;-5
09.03.2017 20:30;-5
09.03.2017 20:00;-4
09.03.2017 19:30;-2
09.03.2017 19:00;-2
09.03.2017 18:30;-3
09.03.2017 18:00;-2
09.03.2017 17:30;-1
09.03.2017 17:00;-1
09.03.2017 16:30;0
09.03.2017 16:00;1
09.03.2017 15:30;1
09.03.2017 15:00;-1
09.03.2017 14:30;-2
09.03.2017 14:00;-2
09.03.2017 13:30;-4
09.03.2017 13:00;-7
09.03.2017 12:30;-5
09.03.2017 12:00;-10
09.03.2017 11:30;-11
09.03.2017 11:00;-9
09.03.2017 10:30;-13
09.03.2017 10:00;-15
09.03.2017 9:30;-15
09.03.2017 9:00;-16
09.03.2017 8:30;-16
09.03.2017 8:00;-17
09.03.2017 7:30;-17
09.03.2017 7:00;-16
09.03.2017 6:30;-16
09.03.2017 6:00;-15
09.03.2017 5:30;-14
09.03.2017 5:00;-15
09.03.2017 4:30;-14
09.03.2017 4:00;-15
09.03.2017 3:30;-15
09.03.2017 3:00;-14
09.03.2017 2:30;-12
09.03.2017 2:00;-13
09.03.2017 1:00;-12
09.03.2017 0:00;-12
08.03.2017 23:00;-10
08.03.2017 22:30;-10
08.03.2017 22:00;-10
08.03.2017 21:30;-7
08.03.2017 21:00;-6
08.03.2017 20:30;-6
08.03.2017 20:00;-4
08.03.2017 19:30;-4
08.03.2017 19:00;-4
08.03.2017 18:30;-3
08.03.2017 18:00;-3
08.03.2017 17:30;-3
08.03.2017 17:00;-2
08.03.2017 16:30;-1
08.03.2017 16:00;0
08.03.2017 15:30;-1
08.03.2017 15:00;-1
08.03.2017 14:30;0
08.03.2017 14:00;-2
08.03.2017 13:30;-2
08.03.2017 13:00;-2
08.03.2017 12:30;0
08.03.2017 12:00;-3
08.03.2017 11:30;-3
08.03.2017 11:00;-4
08.03.2017 10:30;-4
08.03.2017 10:00;-5
08.03.2017 9:30;-5
08.03.2017 9:00;-5
08.03.2017 8:30;-4
08.03.2017 8:00;-4
08.03.2017 7:30;-4
08.03.2017 7:00;-4
08.03.2017 6:30;-4
08.03.2017 6:00;-4
08.03.2017 5:30;-4
08.03.2017 5:00;-4
08.03.2017 4:30;-4
08.03.2017 4:00;-4
08.03.2017 3:30;-4
08.03.2017 3:00;-4
08.03.2017 2:30;-4
08.03.2017 2:00;-4
08.03.2017 1:30;-4
08.03.2017 1:00;-4
08.03.2017 0:30;-4
08.03.2017 0:00;-4
07.03.2017 23:30;-4
07.03.2017 23:00;-4
07.03.2017 22:30;-5
07.03.2017 22:00;-4
07.03.2017 21:30;-5
07.03.2017 21:00;-4
07.03.2017 20:30;-5
07.03.2017 20:00;-5
07.03.2017 19:30;-5
07.03.2017 19:00;-5
07.03.2017 18:30;-5
07.03.2017 18:00;-5
07.03.2017 17:30;-5
07.03.2017 17:00;-5
07.03.2017 16:30;-5
07.03.2017 16:00;-5
07.03.2017 15:30;-5
07.03.2017 15:00;-5
07.03.2017 14:30;-5
07.03.2017 14:00;-5
07.03.2017 13:30;-4
07.03.2017 13:00;-4
07.03.2017 12:30;-4
07.03.2017 12:00;-4
07.03.2017 11:30;-4
07.03.2017 11:00;-4
07.03.2017 10:30;-4
07.03.2017 10:00;-4
07.03.2017 9:30;-4
07.03.2017 9:00;-4
07.03.2017 8:30;-4
07.03.2017 8:00;-4
07.03.2017 7:30;-3
07.03.2017 7:00;-3
07.03.2017 6:30;-2
07.03.2017 6:00;-2
07.03.2017 5:30;-2
07.03.2017 5:00;-1
07.03.2017 4:30;-1
07.03.2017 4:00;0
07.03.2017 3:30;0
07.03.2017 3:00;1
07.03.2017 2:30;0
07.03.2017 2:00;0
07.03.2017 1:30;0
07.03.2017 1:00;0
07.03.2017 0:00;1
06.03.2017 23:30;1
06.03.2017 23:00;1
06.03.2017 22:30;1
06.03.2017 22:00;1
06.03.2017 21:30;1
06.03.2017 21:00;1
06.03.2017 20:30;1
06.03.2017 20:00;1
06.03.2017 19:30;1
06.03.2017 19:00;1
06.03.2017 18:30;1
06.03.2017 18:00;1
06.03.2017 17:30;1
06.03.2017 17:00;1
06.03.2017 16:30;1
06.03.2017 16:00;1
06.03.2017 15:30;1
06.03.2017 15:00;1
06.03.2017 14:30;1
06.03.2017 14:00;1
06.03.2017 13:30;1
06.03.2017 13:00;1
06.03.2017 12:30;1
06.03.2017 12:00;1
06.03.2017 11:30;1
06.03.2017 11:00;1
06.03.2017 10:30;0
06.03.2017 10:00;0
06.03.2017 9:30;0
06.03.2017 9:00;0
06.03.2017 8:30;0
06.03.2017 8:00;0
06.03.2017 7:30;0
06.03.2017 7:00;0
06.03.2017 6:30;0
06.03.2017 6:00;0
06.03.2017 5:30;0
06.03.2017 5:00;0
06.03.2017 4:30;0
06.03.2017 4:00;0
06.03.2017 3:30;0
06.03.2017 3:00;0
06.03.2017 2:30;0
06.03.2017 2:00;0
06.03.2017 1:00;0
06.03.2017 0:00;0
05.03.2017 23:30;0
05.03.2017 23:00;0
05.03.2017 22:30;0
05.03.2017 22:00;0
05.03.2017 21:30;0
05.03.2017 21:00;0
05.03.2017 20:30;0
05.03.2017 20:00;0
05.03.2017 19:30;0
05.03.2017 19:00;1
05.03.2017 18:30;1
05.03.2017 18:00;1
05.03.2017 17:30;1
05.03.2017 17:00;1
05.03.2017 16:30;1
05.03.2017 16:00;1
05.03.2017 15:30;1
05.03.2017 15:00;1
05.03.2017 14:30;0
05.03.2017 14:00;0
05.03.2017 13:30;0
05.03.2017 13:00;0
05.03.2017 12:30;0
05.03.2017 12:00;0
05.03.2017 11:30;0
05.03.2017 11:00;-1
05.03.2017 10:30;-1
05.03.2017 10:00;-1
05.03.2017 9:30;-1
05.03.2017 9:00;-1
05.03.2017 8:30;-1
05.03.2017 8:00;-1
05.03.2017 7:30;-1
05.03.2017 7:00;-1
05.03.2017 6:30;-1
05.03.2017 6:00;-1
05.03.2017 5:30;-1
05.03.2017 5:00;-1
05.03.2017 4:30;-1
05.03.2017 4:00;0
05.03.2017 3:30;0
05.03.2017 3:00;0
05.03.2017 2:30;0
05.03.2017 2:00;0
05.03.2017 1:30;0
05.03.2017 1:00;0
05.03.2017 0:30;0
05.03.2017 0:00;0
04.03.2017 23:30;0
04.03.2017 23:00;0
04.03.2017 22:30;0
04.03.2017 22:00;0
04.03.2017 21:30;0
04.03.2017 21:00;0
04.03.2017 20:30;0
04.03.2017 20:00;0
04.03.2017 19:30;0
04.03.2017 19:00;1
04.03.2017 18:30;1
04.03.2017 18:00;1
04.03.2017 17:30;1
04.03.2017 17:00;1
04.03.2017 16:30;1
04.03.2017 16:00;1
04.03.2017 15:30;1
04.03.2017 15:00;1
04.03.2017 14:30;1
04.03.2017 14:00;0
04.03.2017 13:30;0
04.03.2017 13:00;0
04.03.2017 12:30;0
04.03.2017 12:00;0
04.03.2017 11:30;0
04.03.2017 11:00;-1
04.03.2017 10:30;-1
04.03.2017 10:00;-1
04.03.2017 9:30;-1
04.03.2017 9:00;-1
04.03.2017 8:30;-1
04.03.2017 8:00;-2
04.03.2017 7:30;-1
04.03.2017 7:00;-2
04.03.2017 6:30;-2
04.03.2017 6:00;-1
04.03.2017 5:30;-1
04.03.2017 5:00;-1
04.03.2017 4:30;-1
04.03.2017 4:00;-1
04.03.2017 3:30;-1
04.03.2017 3:00;0
04.03.2017 2:00;0
04.03.2017 1:00;0
04.03.2017 0:00;0
03.03.2017 23:30;0
03.03.2017 23:00;0
03.03.2017 22:30;0
03.03.2017 22:00;0
03.03.2017 21:30;0
03.03.2017 21:00;0
03.03.2017 20:30;0
03.03.2017 20:00;0
03.03.2017 19:30;0
03.03.2017 19:00;0
03.03.2017 18:30;0
03.03.2017 18:00;0
03.03.2017 17:30;0
03.03.2017 17:00;0
03.03.2017 16:30;0
03.03.2017 16:00;0
03.03.2017 15:30;-1
03.03.2017 15:00;-1
03.03.2017 14:30;-1
03.03.2017 14:00;-1
03.03.2017 13:30;-1
03.03.2017 13:00;-1
03.03.2017 12:30;-1
03.03.2017 12:00;-1
03.03.2017 11:30;-1
03.03.2017 11:00;-2
03.03.2017 10:30;-2
03.03.2017 10:00;-2
03.03.2017 9:30;-2
03.03.2017 9:00;-2
03.03.2017 8:30;-2
03.03.2017 8:00;-2
03.03.2017 7:30;-2
03.03.2017 7:00;-2
03.03.2017 6:30;-2
03.03.2017 6:00;-2
03.03.2017 5:30;-2
03.03.2017 5:00;-2
03.03.2017 4:30;-2
03.03.2017 4:00;-2
03.03.2017 3:30;-2
03.03.2017 3:00;-2
03.03.2017 2:30;-2
03.03.2017 2:00;-2
03.03.2017 1:00;-1
03.03.2017 0:00;-1
02.03.2017 23:30;-1
02.03.2017 23:00;-1
02.03.2017 22:30;-1
02.03.2017 22:00;-1
02.03.2017 21:30;0
02.03.2017 21:00;0
02.03.2017 20:30;0
02.03.2017 20:00;0
02.03.2017 19:30;-1
02.03.2017 19:00;-1
02.03.2017 18:30;-1
02.03.2017 18:00;-1
02.03.2017 17:30;-1
02.03.2017 17:00;-1
02.03.2017 16:30;-1
02.03.2017 16:00;-1
02.03.2017 15:30;-1
02.03.2017 15:00;-1
02.03.2017 14:30;-1
02.03.2017 14:00;-1
02.03.2017 13:30;-1
02.03.2017 13:00;-2
02.03.2017 12:30;-2
02.03.2017 12:00;-2
02.03.2017 11:30;-2
02.03.2017 11:00;-2
02.03.2017 10:30;-2
02.03.2017 10:00;-3
02.03.2017 9:30;-3
02.03.2017 9:00;-3
02.03.2017 8:30;-3
02.03.2017 8:00;-3
02.03.2017 7:30;-3
02.03.2017 7:00;-3
02.03.2017 6:30;-3
02.03.2017 6:00;-3
02.03.2017 5:30;-4
02.03.2017 5:00;-4
02.03.2017 4:30;-4
02.03.2017 4:00;-4
02.03.2017 3:30;-4
02.03.2017 3:00;-4
02.03.2017 2:30;-4
02.03.2017 2:00;-4
02.03.2017 1:30;-4
02.03.2017 1:00;-5
02.03.2017 0:30;-5
02.03.2017 0:00;-4
01.03.2017 23:30;-5
01.03.2017 23:00;-5
01.03.2017 22:30;-5
01.03.2017 22:00;-5
01.03.2017 21:30;-4
01.03.2017 21:00;-4
01.03.2017 20:30;-4
01.03.2017 20:00;-4
01.03.2017 19:30;-4
01.03.2017 19:00;-4
01.03.2017 18:30;-4
01.03.2017 18:00;-3
01.03.2017 17:30;-3
01.03.2017 17:00;-3
01.03.2017 16:30;-3
01.03.2017 16:00;-3
01.03.2017 15:30;-3
01.03.2017 15:00;-3
01.03.2017 14:30;-3
01.03.2017 14:00;-3
01.03.2017 13:30;-4
01.03.2017 13:00;-4
01.03.2017 12:30;-5
01.03.2017 12:00;-5
01.03.2017 11:30;-6
01.03.2017 11:00;-7
01.03.2017 10:30;-9
01.03.2017 10:00;-9
01.03.2017 9:30;-9
01.03.2017 9:00;-10
01.03.2017 8:30;-11
01.03.2017 8:00;-11
01.03.2017 7:30;-11
01.03.2017 7:00;-11
01.03.2017 6:30;-11
01.03.2017 6:00;-11
01.03.2017 5:30;-10
01.03.2017 5:00;-9
01.03.2017 4:30;-9
01.03.2017 4:00;-9
01.03.2017 3:30;-10
01.03.2017 3:00;-9
01.03.2017 2:30;-9
01.03.2017 2:00;-9
01.03.2017 1:00;-9
01.03.2017 0:00;-11
